"prefecture","pref_id","id","category","type","winner_party","winner_name","winner_age","popup_text","winner_party_s","district"
"北海道","01","01","prefecture",NA,NA,NA,NA,NA,NA,NA
"青森","02","02","prefecture",NA,NA,NA,NA,NA,NA,NA
"岩手","03","03","prefecture",NA,NA,NA,NA,NA,NA,NA
"宮城","04","04","prefecture",NA,NA,NA,NA,NA,NA,NA
"秋田","05","05","prefecture",NA,NA,NA,NA,NA,NA,NA
"山形","06","06","prefecture",NA,NA,NA,NA,NA,NA,NA
"福島","07","07","prefecture",NA,NA,NA,NA,NA,NA,NA
"茨城","08","08","prefecture",NA,NA,NA,NA,NA,NA,NA
"栃木","09","09","prefecture",NA,NA,NA,NA,NA,NA,NA
"群馬","10","10","prefecture",NA,NA,NA,NA,NA,NA,NA
"埼玉","11","11","prefecture",NA,NA,NA,NA,NA,NA,NA
"千葉","12","12","prefecture",NA,NA,NA,NA,NA,NA,NA
"東京","13","13","prefecture",NA,NA,NA,NA,NA,NA,NA
"神奈川","14","14","prefecture",NA,NA,NA,NA,NA,NA,NA
"新潟","15","15","prefecture",NA,NA,NA,NA,NA,NA,NA
"富山","16","16","prefecture",NA,NA,NA,NA,NA,NA,NA
"石川","17","17","prefecture",NA,NA,NA,NA,NA,NA,NA
"福井","18","18","prefecture",NA,NA,NA,NA,NA,NA,NA
"山梨","19","19","prefecture",NA,NA,NA,NA,NA,NA,NA
"長野","20","20","prefecture",NA,NA,NA,NA,NA,NA,NA
"岐阜","21","21","prefecture",NA,NA,NA,NA,NA,NA,NA
"静岡","22","22","prefecture",NA,NA,NA,NA,NA,NA,NA
"愛知","23","23","prefecture",NA,NA,NA,NA,NA,NA,NA
"三重","24","24","prefecture",NA,NA,NA,NA,NA,NA,NA
"滋賀","25","25","prefecture",NA,NA,NA,NA,NA,NA,NA
"京都","26","26","prefecture",NA,NA,NA,NA,NA,NA,NA
"大阪","27","27","prefecture",NA,NA,NA,NA,NA,NA,NA
"兵庫","28","28","prefecture",NA,NA,NA,NA,NA,NA,NA
"奈良","29","29","prefecture",NA,NA,NA,NA,NA,NA,NA
"和歌山","30","30","prefecture",NA,NA,NA,NA,NA,NA,NA
"鳥取","31","31","prefecture",NA,NA,NA,NA,NA,NA,NA
"島根","32","32","prefecture",NA,NA,NA,NA,NA,NA,NA
"岡山","33","33","prefecture",NA,NA,NA,NA,NA,NA,NA
"広島","34","34","prefecture",NA,NA,NA,NA,NA,NA,NA
"山口","35","35","prefecture",NA,NA,NA,NA,NA,NA,NA
"徳島","36","36","prefecture",NA,NA,NA,NA,NA,NA,NA
"香川","37","37","prefecture",NA,NA,NA,NA,NA,NA,NA
"愛媛","38","38","prefecture",NA,NA,NA,NA,NA,NA,NA
"高知","39","39","prefecture",NA,NA,NA,NA,NA,NA,NA
"福岡","40","40","prefecture",NA,NA,NA,NA,NA,NA,NA
"佐賀","41","41","prefecture",NA,NA,NA,NA,NA,NA,NA
"長崎","42","42","prefecture",NA,NA,NA,NA,NA,NA,NA
"熊本","43","43","prefecture",NA,NA,NA,NA,NA,NA,NA
"大分","44","44","prefecture",NA,NA,NA,NA,NA,NA,NA
"宮崎","45","45","prefecture",NA,NA,NA,NA,NA,NA,NA
"鹿児島","46","46","prefecture",NA,NA,NA,NA,NA,NA,NA
"沖縄","47","47","prefecture",NA,NA,NA,NA,NA,NA,NA
"北海道","01","01-01","与党","district","自民","加藤貴弘",43,"自民 加藤貴弘 112618<br>中道 道下大樹 81560<br>国民 臼木秀剛 29134<br>参政 加納千津子 22024<br>共産 森英士 12906","自","北海道1区"
"北海道","01","01-02","与党","district","自民","高橋祐介",45,"自民 高橋祐介 102343<br>中道 松木謙公 72670<br>参政 中田綾子 27591<br>維新 山崎泉 18625<br>共産 平岡大介 17515","自","北海道2区"
"北海道","01","01-03","与党","district","自民","高木宏寿",65,"自民 高木宏寿 114285<br>中道 荒井優 81318<br>参政 中島良樹 34838<br>共産 円子裕子 15595","自","北海道3区"
"北海道","01","01-04","与党","district","自民","中村裕之",64,"自民 中村裕之 105656<br>中道 大築紅葉 83516<br>参政 高橋翔太 20051<br>共産 佐々木明美 14005","自","北海道4区"
"北海道","01","01-05","与党","district","自民","和田義明",54,"自民 和田義明 143229<br>中道 池田真紀 105844","自","北海道5区"
"北海道","01","01-06","与党","district","自民","東国幹",57,"自民 東国幹 121276<br>中道 西川将人 79954<br>共産 荻生和敏 14978","自","北海道6区"
"北海道","01","01-07","与党","district","自民","鈴木貴子",40,"自民 鈴木貴子 89336<br>中道 篠田奈保子 46588","自","北海道7区"
"北海道","01","01-08","与党","district","自民","向山淳",42,"自民 向山淳 108229<br>中道 逢坂誠二 87526","自","北海道8区"
"北海道","01","01-09","与党","district","自民","松下英樹",35,"自民 松下英樹 87984<br>中道 山岡達丸 81063<br>参政 菅野望帆 22900<br>共産 立野広志 12142","自","北海道9区"
"北海道","01","01-10","野党","district","中道","神谷裕",57,"中道 神谷裕 74908<br>自民 渡辺孝一 74887","中","北海道10区"
"北海道","01","01-11","与党","district","自民","中川紘一",35,"自民 中川紘一 86019<br>中道 石川香織 72951<br>参政 宇都隆史 12613","自","北海道11区"
"北海道","01","01-12","与党","district","自民","武部新",55,"自民 武部新 92400<br>中道 川原田英世 64719","自","北海道12区"
"青森","02","02-01","与党","district","自民","津島淳",59,"自民 津島淳 72060<br>中道 升田世喜男 46218<br>参政 加藤勉 14181<br>共産 斎藤美緒 9139","自","青森1区"
"青森","02","02-02","与党","district","自民","神田潤一",55,"自民 神田潤一 104608<br>中道 松尾和彦 51027<br>国民 金浜亨 30016<br>共産 久保将 5909","自","青森2区"
"青森","02","02-03","与党","district","自民","木村次郎",58,"自民 木村次郎 83547<br>中道 岡田華子 67604<br>れいわ 佐原若子 8570","自","青森3区"
"岩手","03","03-01","野党","district","中道","階猛",59,"中道 階猛 73209<br>自民 米内紘正 67811<br>参政 佐々木大成 12233<br>共産 吉田恭子 10448<br>無所 小笠原勇治 2080","中","岩手1区"
"岩手","03","03-02","与党","district","自民","鈴木俊一",72,"自民 鈴木俊一 123711<br>国民 佐々木真琴 67294","自","岩手2区"
"岩手","03","03-03","与党","district","自民","藤原崇",42,"自民 藤原崇 102578<br>中道 小沢一郎 78731<br>参政 及川泰輔 29831","自","岩手3区"
"宮城","04","04-01","与党","district","自民","土井亨",67,"自民 土井亨 110185<br>中道 岡本章子 78106<br>参政 ローレンス綾子 31664<br>維新 高橋浩司 15246<br>共産 中嶋廉 9547","自","宮城1区"
"宮城","04","04-02","与党","district","自民","渡辺勝幸",50,"自民 渡辺勝幸 101364<br>中道 鎌田さゆり 73695<br>参政 和田政宗 36086<br>国民 佐藤理々香 23237<br>維新 早坂敦 10394","自","宮城2区"
"宮城","04","04-03","与党","district","自民","西村明宏",65,"自民 西村明宏 83705<br>中道 柳沢剛 47303<br>参政 林萌子 17440<br>無所 結城孝 3412<br>無所 浅田晃司 1121","自","宮城3区"
"宮城","04","04-04","与党","district","自民","森下千里",44,"自民 森下千里 124250<br>中道 安住淳 78671<br>参政 佐野誠 14494","自","宮城4区"
"宮城","04","04-05","与党","district","自民","小野寺五典",65,"自民 小野寺五典 138094<br>中道 境恒春 30691<br>共産 結城豊 9698","自","宮城5区"
"秋田","05","05-01","与党","district","自民","冨樫博之",70,"自民 冨樫博之 65940<br>国民 木村佐知子 25510<br>中道 早川周作 22665<br>維新 松浦大悟 14843<br>参政 佐藤美和子 7645<br>共産 鈴木知 5246","自","秋田1区"
"秋田","05","05-02","与党","district","自民","福原淳嗣",58,"自民 福原淳嗣 70352<br>中道 緑川貴士 57666","自","秋田2区"
"秋田","05","05-03","野党","district","国民","村岡敏英",65,"国民 村岡敏英 87573<br>自民 御法川信英 85063","国","秋田3区"
"山形","06","06-01","与党","district","自民","遠藤寛明",39,"自民 遠藤寛明 106063<br>中道 原田和広 48443<br>参政 桜田恭子 18692","自","山形1区"
"山形","06","06-02","与党","district","自民","鈴木憲和",44,"自民 鈴木憲和 124512<br>国民 菊池大二郎 49804<br>共産 岩本康嗣 7919","自","山形2区"
"山形","06","06-03","与党","district","自民","加藤鮎子",46,"自民 加藤鮎子 90730<br>中道 落合拓磨 32432<br>国民 喜多恒介 21972<br>参政 遠藤和史 10770","自","山形3区"
"福島","07","07-01","与党","district","自民","西山尚利",60,"自民 西山尚利 99531<br>中道 金子恵美 93471<br>無所 亀岡偉一 27013","自","福島1区"
"福島","07","07-02","与党","district","自民","根本拓",39,"自民 根本拓 128948<br>中道 玄葉光一郎 90146<br>参政 大山里幸子 20645<br>共産 丸本由美子 6395<br>無所 遠藤雄大 1780","自","福島2区"
"福島","07","07-03","与党","district","自民","上杉謙太郎",50,"自民 上杉謙太郎 107649<br>中道 小熊慎司 77011<br>無所 金山屯 4084","自","福島3区"
"福島","07","07-04","与党","district","自民","坂本竜太郎",45,"自民 坂本竜太郎 100795<br>中道 斎藤裕喜 54672<br>国民 山口洋太 38539<br>共産 熊谷智 10254","自","福島4区"
"茨城","08","08-01","与党","district","自民","田所嘉徳",72,"自民 田所嘉徳 87570<br>無所 福島伸享 84703<br>参政 川端絢美 25327<br>共産 大内久美子 12842","自","茨城1区"
"茨城","08","08-02","与党","district","自民","額賀福志郎",82,"自民 額賀福志郎 74491<br>中道 小沼巧 30482<br>国民 谷川祐一 16450<br>参政 宮内匠 16132","自","茨城2区"
"茨城","08","08-03","与党","district","自民","葉梨康弘",66,"自民 葉梨康弘 103231<br>中道 梶岡博樹 56143<br>参政 斎藤真衣 31880<br>れいわ 加川裕美 10008","自","茨城3区"
"茨城","08","08-04","与党","district","自民","梶山弘志",70,"自民 梶山弘志 106286<br>共産 吉田翔 21610","自","茨城4区"
"茨城","08","08-05","野党","district","国民","浅野哲",43,"国民 浅野哲 70438<br>自民 鈴木拓海 46141","国","茨城5区"
"茨城","08","08-06","与党","district","自民","国光文乃",46,"自民 国光文乃 107388<br>無所 青山大人 104844<br>参政 堀越麻紀 23443<br>共産 稲葉英樹 9902<br>無所 中村吉男 2982","自","茨城6区"
"茨城","08","08-07","その他","district","無所","中村勇太",39,"無所 中村勇太 84930<br>自民 永岡桂子 76700","無","茨城7区"
"栃木","09","09-01","与党","district","自民","船田元",72,"自民 船田元 85199<br>中道 小池篤史 45243<br>維新 柏倉祐司 41233<br>参政 大森紀明 29337<br>共産 青木弘 6452<br>無所 石川文三郎 2821","自","栃木1区"
"栃木","09","09-02","与党","district","自民","五十嵐清",56,"自民 五十嵐清 66681<br>中道 福田昭夫 45129<br>参政 藤田久美 16827","自","栃木2区"
"栃木","09","09-03","その他","district","無所","渡辺真太朗",33,"無所 渡辺真太朗 58483<br>自民 簗和生 53975<br>中道 伊賀央 20611","無","栃木3区"
"栃木","09","09-04","与党","district","自民","石坂太",45,"自民 石坂太 87743<br>中道 藤岡隆雄 74465<br>参政 野口智子 20768<br>無所 大貫学 3456","自","栃木4区"
"栃木","09","09-05","与党","district","自民","茂木敏充",70,"自民 茂木敏充 110743<br>国民 寺田和史 19626<br>参政 宮本陽介 16713<br>共産 岡村恵子 15315","自","栃木5区"
"群馬","10","10-01","与党","district","自民","中曽根康隆",44,"自民 中曽根康隆 103316<br>中道 河村正剛 48324<br>共産 店橋世津子 15962","自","群馬1区"
"群馬","10","10-02","与党","district","自民","井野俊郎",46,"自民 井野俊郎 84167<br>国民 原和隆 22227<br>無所 石関貴史 19435<br>参政 熊井戸園子 16041<br>共産 高橋保 10254<br>保守 伊藤純子 7471","自","群馬2区"
"群馬","10","10-03","与党","district","自民","笹川博義",59,"自民 笹川博義 96283<br>中道 長谷川嘉一 60204","自","群馬3区"
"群馬","10","10-04","与党","district","自民","福田達夫",58,"自民 福田達夫 84938<br>参政 青木ひとみ 35906<br>中道 山田博規 28627<br>共産 伊藤達也 9556","自","群馬4区"
"群馬","10","10-05","与党","district","自民","小渕優子",52,"自民 小渕優子 107356<br>参政 木暮智貴 49187","自","群馬5区"
"埼玉","11","11-01","与党","district","自民","村井英樹",45,"自民 村井英樹 121002<br>中道 武正公一 67980<br>参政 菅又士廊 21329<br>無所 羽田一樹 7115","自","埼玉1区"
"埼玉","11","11-02","与党","district","自民","新藤義孝",68,"自民 新藤義孝 75209<br>国民 細谷勇人 45521<br>参政 菅野静華 31075<br>維新 高橋英明 28187","自","埼玉2区"
"埼玉","11","11-03","与党","district","自民","黄川田仁志",55,"自民 黄川田仁志 96335<br>中道 竹内千春 60430<br>参政 中村尚子 27801","自","埼玉3区"
"埼玉","11","11-04","与党","district","自民","穂坂泰",51,"自民 穂坂泰 110312<br>国民 岸田光広 56582<br>共産 工藤薫 25501<br>維新 伊勢田享子 16072","自","埼玉4区"
"埼玉","11","11-05","与党","district","自民","井原隆",43,"自民 井原隆 104836<br>中道 枝野幸男 90795<br>参政 飯塚佳佑 25775","自","埼玉5区"
"埼玉","11","11-06","与党","district","自民","尾花瑛仁",42,"自民 尾花瑛仁 91049<br>中道 大島敦 81509<br>参政 長島美子 21078<br>共産 秋山もえ 15561<br>維新 津田賢伯 12958","自","埼玉6区"
"埼玉","11","11-07","与党","district","自民","中野英幸",64,"自民 中野英幸 107470<br>中道 小宮山泰子 80433","自","埼玉7区"
"埼玉","11","11-08","与党","district","自民","柴山昌彦",60,"自民 柴山昌彦 118529<br>中道 市来伴子 67825<br>無所 岡田静佳 39928","自","埼玉8区"
"埼玉","11","11-09","与党","district","自民","大塚拓",52,"自民 大塚拓 112062<br>中道 杉村慎治 91805","自","埼玉9区"
"埼玉","11","11-10","与党","district","自民","山口晋",42,"自民 山口晋 95847<br>中道 坂本祐之輔 77485","自","埼玉10区"
"埼玉","11","11-11","与党","district","自民","小泉龍司",73,"自民 小泉龍司 88744<br>中道 島田誠 32508<br>国民 布施卓人 19174<br>参政 甲斐隆 16744<br>共産 柿沼遥輝 9156","自","埼玉11区"
"埼玉","11","11-12","与党","district","自民","野中厚",49,"自民 野中厚 102382<br>中道 森田俊和 81103","自","埼玉12区"
"埼玉","11","11-13","与党","district","自民","三ツ林裕巳",70,"自民 三ツ林裕巳 75992<br>国民 橋本幹彦 69464<br>参政 杉山鎮夫 17675<br>れいわ 高井崇志 16713<br>共産 沢口千枝子 13305","自","埼玉13区"
"埼玉","11","11-14","与党","district","自民","藤田誠",52,"自民 藤田誠 77481<br>国民 鈴木義弘 70386<br>参政 雨宮裕子 23824<br>共産 苗村京子 18732","自","埼玉14区"
"埼玉","11","11-15","与党","district","自民","田中良生",62,"自民 田中良生 114320<br>中道 小山田経子 57005<br>維新 南原竜樹 31994<br>諸派 藤川広明 15213","自","埼玉15区"
"埼玉","11","11-16","与党","district","自民","土屋品子",74,"自民 土屋品子 98187<br>中道 三角創太 64152<br>共産 永堀健 13579","自","埼玉16区"
"千葉","12","12-01","与党","district","自民","門山宏哲",61,"自民 門山宏哲 109771<br>中道 田嶋要 91149<br>参政 上田敦広 33443","自","千葉1区"
"千葉","12","12-02","与党","district","自民","小林鷹之",51,"自民 小林鷹之 107933<br>中道 佐藤由美 37293<br>共産 白石ちよ 14761","自","千葉2区"
"千葉","12","12-03","与党","district","自民","松野博一",63,"自民 松野博一 86687<br>中道 岡島一正 48689<br>参政 山本政幸 22750<br>共産 渡部公美子 8591","自","千葉3区"
"千葉","12","12-04","与党","district","自民","鹿嶋祐介",45,"自民 鹿嶋祐介 106236<br>中道 水沼秀幸 71698<br>参政 工藤聖子 24827<br>共産 玉堀里衣 11807<br>減ゆ 高橋宏 5891","自","千葉4区"
"千葉","12","12-05","与党","district","自民","英利アルフィヤ",37,"自民 英利アルフィヤ 85073<br>国民 岡野純子 53532<br>中道 矢崎堅太郎 47990<br>みらい 小林修平 25408<br>参政 宮路純一 21386","自","千葉5区"
"千葉","12","12-06","与党","district","自民","渡辺博道",75,"自民 渡辺博道 89662<br>中道 安藤淳子 58435<br>国民 武藤雄大 41081<br>参政 出羽幹子 21693<br>共産 浦野真 10734","自","千葉6区"
"千葉","12","12-07","与党","district","自民","斎藤健",66,"自民 斎藤健 100339<br>国民 林田章裕 40301<br>減ゆ 川田龍平 16146","自","千葉7区"
"千葉","12","12-08","与党","district","自民","松本泉",44,"自民 松本泉 95279<br>中道 本庄知史 62784<br>参政 宮本寛之 21138<br>維新 石塚貞通 15021","自","千葉8区"
"千葉","12","12-09","与党","district","自民","田宮寿人",36,"自民 田宮寿人 89146<br>中道 奥野総一郎 69444<br>維新 田沼隆志 22000<br>参政 前田裕介 21058","自","千葉9区"
"千葉","12","12-10","与党","district","自民","小池正昭",59,"自民 小池正昭 95358<br>中道 谷田川元 50956<br>共産 田村理江 9801","自","千葉10区"
"千葉","12","12-11","与党","district","自民","森英介",77,"自民 森英介 102843<br>中道 多ケ谷亮 50561<br>共産 椎名史明 13783","自","千葉11区"
"千葉","12","12-12","与党","district","自民","浜田靖一",70,"自民 浜田靖一 129997<br>無所 大薄裕也 34270<br>共産 葛原茂 17601","自","千葉12区"
"千葉","12","12-13","与党","district","自民","松本尚",63,"自民 松本尚 121796<br>中道 宮川伸 72234<br>参政 中谷めぐ 32098","自","千葉13区"
"千葉","12","12-14","野党","district","中道","野田佳彦",68,"中道 野田佳彦 99324<br>自民 長野春信 86061<br>参政 中村愛 25597<br>共産 八鎌健太 9831","中","千葉14区"
"東京","13","13-01","与党","district","自民","山田美樹",51,"自民 山田美樹 82622<br>中道 海江田万里 48830<br>参政 吉川里奈 25232<br>維新 春山明日香 20187<br>共産 黒田朝陽 15295","自","東京1区"
"東京","13","13-02","与党","district","自民","辻清人",46,"自民 辻清人 84690<br>国民 鳩山紀一郎 36021<br>みらい 土橋章宏 25018<br>維新 今村充 16609<br>共産 細野真理 15358<br>参政 海江田悠輔 13844<br>諸派 天野こころ 4162","自","東京2区"
"東京","13","13-03","与党","district","自民","石原宏高",61,"自民 石原宏高 93158<br>中道 阿部祐美子 53584<br>国民 石田慎吾 34805<br>維新 石崎徹 19403<br>参政 植木洋貴 17544","自","東京3区"
"東京","13","13-04","与党","district","自民","平将明",58,"自民 平将明 114054<br>国民 井戸まさえ 55610<br>参政 嶋悦子 31577<br>共産 谷川智行 29667","自","東京4区"
"東京","13","13-05","与党","district","自民","若宮健嗣",64,"自民 若宮健嗣 89078<br>中道 手塚仁雄 58164<br>国民 桑水流弓紀子 33140<br>維新 稲葉太郎 27889<br>参政 松岡登志子 19809","自","東京5区"
"東京","13","13-06","与党","district","自民","畦元将吾",67,"自民 畦元将吾 90077<br>中道 落合貴之 79262<br>国民 丸山勝己 43524<br>参政 島村直輝 23362<br>諸派 福村康広 2424","自","東京6区"
"東京","13","13-07","与党","district","自民","丸川珠代",55,"自民 丸川珠代 80421<br>中道 松尾明弘 52576<br>みらい 峰島侑也 43335<br>国民 入江伸子 21018<br>維新 渡辺泰之 19637<br>参政 石川友梨香 16337","自","東京7区"
"東京","13","13-08","与党","district","自民","門寛子",45,"自民 門寛子 108020<br>中道 吉田晴美 77620<br>国民 森田一成 26989<br>れいわ 海保杜久麻 11419<br>参政 永井漠 10642<br>保守 大谷司郎 8110<br>無所 藤原幸弘 1111","自","東京8区"
"東京","13","13-09","与党","district","自民","菅原一秀",64,"自民 菅原一秀 78927<br>中道 山岸一生 56175<br>国民 薬師寺道代 32670<br>参政 鈴木文哉 15638","自","東京9区"
"東京","13","13-10","与党","district","自民","鈴木隼人",48,"自民 鈴木隼人 126044<br>中道 鈴木庸介 67575<br>国民 梶原みずほ 43006<br>参政 安田伸 17646<br>諸派 小山徹 2686","自","東京10区"
"東京","13","13-11","与党","district","自民","下村博文",71,"自民 下村博文 69077<br>中道 阿久津幸彦 53001<br>国民 高沢一基 38445<br>維新 大豆生田実 26207<br>参政 松方恵美 19149<br>共産 横手海人 12590<br>諸派 桑島康文 916","自","東京11区"
"東京","13","13-12","与党","district","自民","高木啓",60,"自民 高木啓 78774<br>中道 中原翔太 44134<br>維新 阿部司 33100<br>国民 久住勇樹 30913<br>共産 田原聖子 20616<br>参政 黒石裕子 17320","自","東京12区"
"東京","13","13-13","与党","district","自民","土田慎",35,"自民 土田慎 94680<br>国民 森洋介 66140<br>共産 沢田真吾 23371<br>参政 加地敏子 19021","自","東京13区"
"東京","13","13-14","与党","district","自民","松島みどり",69,"自民 松島みどり 109892<br>国民 長南貴則 49312<br>れいわ 櫛渕万里 20647<br>参政 丹悠 19925<br>共産 原努 19007","自","東京14区"
"東京","13","13-15","与党","district","自民","大空幸星",27,"自民 大空幸星 109489<br>中道 酒井菜摘 70911<br>国民 深見紗采 28674<br>維新 三次由梨香 26546<br>参政 鈴木佳奈 14770<br>減ゆ 吉野敏明 7296","自","東京15区"
"東京","13","13-16","与党","district","自民","大西洋平",48,"自民 大西洋平 92858<br>中道 柴田勝之 51527<br>国民 竹内知子 42380<br>参政 村上剛 21320","自","東京16区"
"東京","13","13-17","与党","district","自民","平沢勝栄",80,"自民 平沢勝栄 73234<br>中道 反田麻理 44594<br>国民 長谷川貴子 28282<br>維新 猪口幸子 27630<br>参政 杉浦慎一郎 19291<br>無所 円より子 7328<br>諸派 鈴木真志 2068","自","東京17区"
"東京","13","13-18","与党","district","自民","福田かおる",40,"自民 福田かおる 117383<br>中道 松下玲子 69722<br>国民 鈴木佑馬 33497<br>参政 徳永由紀子 17121<br>諸派 吉田綾 8330","自","東京18区"
"東京","13","13-19","与党","district","自民","松本洋平",52,"自民 松本洋平 93697<br>中道 末松義規 54345<br>国民 諏訪玲子 28452<br>共産 井手重美津子 14350<br>参政 一ノ瀬陽子 13463","自","東京19区"
"東京","13","13-20","与党","district","自民","木原誠二",55,"自民 木原誠二 108985<br>国民 大西健太郎 46910<br>共産 宮本徹 45031<br>参政 掛山茂希 23544","自","東京20区"
"東京","13","13-21","与党","district","自民","小田原潔",61,"自民 小田原潔 97494<br>中道 鈴木烈 65713<br>国民 黒田太郎 37086<br>参政 星野奈美 22373<br>減ゆ 矢田一久 6154","自","東京21区"
"東京","13","13-22","与党","district","自民","伊藤達也",64,"自民 伊藤達也 132689<br>中道 山花郁夫 87494<br>参政 鈴木美香 37697","自","東京22区"
"東京","13","13-23","与党","district","自民","川松真一朗",45,"自民 川松真一朗 92171<br>中道 伊藤俊輔 69908<br>参政 舟見裕貴 22326<br>共産 池川友一 19111","自","東京23区"
"東京","13","13-24","与党","district","自民","萩生田光一",62,"自民 萩生田光一 85806<br>中道 細貝悠 70781<br>国民 細屋椋 22263<br>参政 與倉さゆり 16909<br>無所 深田萌絵 13209","自","東京24区"
"東京","13","13-25","与党","district","自民","井上信治",56,"自民 井上信治 109606<br>中道 依田花蓮 50219<br>国民 宗像久敬 21515<br>参政 木村奈美 20603<br>維新 宮崎太朗 15185","自","東京25区"
"東京","13","13-26","与党","district","自民","今岡植",37,"自民 今岡植 92329<br>無所 松原仁 82119<br>みらい 宇佐美登 34706<br>国民 坂元悠紀 24307<br>共産 松井佳苗子 19663<br>参政 菅沼桂子 13072","自","東京26区"
"東京","13","13-27","与党","district","自民","黒崎祐一",49,"自民 黒崎祐一 85249<br>中道 長妻昭 80997<br>国民 須山卓知 37848<br>参政 小笠原愛子 19374","自","東京27区"
"東京","13","13-28","与党","district","自民","安藤高夫",66,"自民 安藤高夫 69037<br>中道 高松智之 41482<br>国民 三沢宏明 28905<br>維新 橋口奈保 18743<br>参政 村松一希 17211<br>共産 高野直美 13045","自","東京28区"
"東京","13","13-29","与党","district","自民","長沢興祐",44,"自民 長沢興祐 80538<br>中道 木村剛司 45358<br>国民 樽井良和 26692<br>保守 小坂英二 14101<br>参政 堀川哲郎 14071<br>共産 鈴木賢一 13976","自","東京29区"
"東京","13","13-30","与党","district","自民","長島昭久",63,"自民 長島昭久 110453<br>中道 五十嵐衣里 81082<br>国民 川上竜世 32504<br>参政 寿玲子 20586","自","東京30区"
"神奈川","14","14-01","与党","district","自民","丸尾南都子",43,"自民 丸尾南都子 121899<br>中道 篠原豪 80113<br>維新 浅川義治 27450","自","神奈川1区"
"神奈川","14","14-02","与党","district","自民","新田章文",44,"自民 新田章文 112930<br>国民 片山智絵 45947<br>中道 柳家東三楼 42309<br>参政 平本幸次郎 19222<br>共産 並木まり子 15150","自","神奈川2区"
"神奈川","14","14-03","与党","district","自民","中西健治",62,"自民 中西健治 114485<br>中道 中村武人 48460<br>国民 二宮研 41843<br>参政 荻野ミエ 22074<br>共産 横山征吾 12974","自","神奈川3区"
"神奈川","14","14-04","与党","district","自民","永田磨梨奈",42,"自民 永田磨梨奈 93954<br>中道 早稲田夕季 82939<br>参政 田宮零一郎 20655","自","神奈川4区"
"神奈川","14","14-05","与党","district","自民","坂井学",60,"自民 坂井学 99726<br>中道 山崎誠 53593<br>維新 久坂くにえ 34078<br>共産 高宮美智子 13234","自","神奈川5区"
"神奈川","14","14-06","与党","district","自民","古川直季",57,"自民 古川直季 120667<br>中道 青柳陽一郎 78256","自","神奈川6区"
"神奈川","14","14-07","与党","district","自民","鈴木馨祐",49,"自民 鈴木馨祐 107464<br>中道 中谷一馬 65524","自","神奈川7区"
"神奈川","14","14-08","与党","district","自民","三谷英弘",49,"自民 三谷英弘 140717<br>中道 江田憲司 97671","自","神奈川8区"
"神奈川","14","14-09","与党","district","自民","上原正裕",47,"自民 上原正裕 87531<br>中道 笠浩史 84024<br>共産 赤石博子 16186","自","神奈川9区"
"神奈川","14","14-10","与党","district","自民","田中和徳",77,"自民 田中和徳 59967<br>維新 金村龍那 40298<br>国民 山口翔平 34094<br>共産 中野智裕 16666<br>参政 橋本公夫 15191","自","神奈川10区"
"神奈川","14","14-11","与党","district","自民","小泉進次郎",44,"自民 小泉進次郎 149029<br>共産 為壮稔 19299<br>参政 前林恒平 19191","自","神奈川11区"
"神奈川","14","14-12","与党","district","自民","星野剛士",62,"自民 星野剛士 108343<br>中道 阿部知子 78793<br>無所 菊竹進 21089<br>共産 沼上常生 11210","自","神奈川12区"
"神奈川","14","14-13","与党","district","自民","丸田康一郎",40,"自民 丸田康一郎 95453<br>中道 太栄志 77992<br>参政 石井匡 22788","自","神奈川13区"
"神奈川","14","14-14","与党","district","自民","赤間二郎",57,"自民 赤間二郎 108352<br>中道 長友克洋 61720<br>参政 先沖仁志 24256<br>共産 中村圭 12083","自","神奈川14区"
"神奈川","14","14-15","与党","district","自民","河野太郎",63,"自民 河野太郎 141580<br>参政 小山善光 39547<br>社民 佐々木克己 24679<br>れいわ 三好諒 20598","自","神奈川15区"
"神奈川","14","14-16","与党","district","自民","佐藤主迪",31,"自民 佐藤主迪 105984<br>中道 後藤祐一 94464","自","神奈川16区"
"神奈川","14","14-17","与党","district","自民","牧島かれん",49,"自民 牧島かれん 106966<br>中道 佐々木奈保美 68358<br>国民 中村太一 45727","自","神奈川17区"
"神奈川","14","14-18","与党","district","自民","山際大志郎",57,"自民 山際大志郎 76615<br>中道 宗野創 52074<br>国民 西岡義高 49861<br>維新 横田光弘 26388<br>参政 藤田修一 17879<br>共産 八巻陽子 13738","自","神奈川18区"
"神奈川","14","14-19","与党","district","自民","草間剛",44,"自民 草間剛 83450<br>国民 深作ヘスス 77371<br>維新 添田勝 26090<br>参政 室井一真 18304","自","神奈川19区"
"神奈川","14","14-20","与党","district","自民","金沢結衣",35,"自民 金沢結衣 91240<br>中道 大塚小百合 66964<br>維新 金子洋一 26061","自","神奈川20区"
"新潟","15","15-01","与党","district","自民","内山航",44,"自民 内山航 92578<br>中道 西村智奈美 73167<br>参政 小池幸夫 15492<br>維新 伊藤和成 10092<br>共産 中村岳夫 6574","自","新潟1区"
"新潟","15","15-02","与党","district","自民","国定勇人",53,"自民 国定勇人 111803<br>中道 菊田真紀子 85602<br>参政 平井恵里子 21633<br>維新 金井典子 9241","自","新潟2区"
"新潟","15","15-03","与党","district","自民","斎藤洋明",49,"自民 斎藤洋明 115991<br>中道 黒岩宇洋 76452<br>参政 佐久間慶子 19878","自","新潟3区"
"新潟","15","15-04","与党","district","自民","鷲尾英一郎",49,"自民 鷲尾英一郎 107128<br>中道 米山隆一 62446<br>国民 野村泰暉 15842<br>参政 大矢寿乃 14613","自","新潟4区"
"新潟","15","15-05","与党","district","自民","高鳥修一",65,"自民 高鳥修一 104206<br>中道 梅谷守 79294<br>参政 高野直行 16494","自","新潟5区"
"富山","16","16-01","与党","district","自民","中田宏",61,"自民 中田宏 81875<br>中道 山登志浩 27730<br>参政 斉藤匠 14207<br>共産 青山了介 5323","自","富山1区"
"富山","16","16-02","与党","district","自民","上田英俊",61,"自民 上田英俊 88839<br>中道 越川康晴 30104","自","富山2区"
"富山","16","16-03","与党","district","自民","橘慶一郎",65,"自民 橘慶一郎 126981<br>国民 山本圭太 35576<br>参政 直原美和子 17057<br>共産 坂本洋史 12999","自","富山3区"
"石川","17","17-01","与党","district","自民","小森卓郎",55,"自民 小森卓郎 83732<br>国民 小竹凱 48150<br>参政 川裕一郎 23350<br>維新 小林誠 19547<br>共産 村田茂 11358","自","石川1区"
"石川","17","17-02","与党","district","自民","佐々木紀",51,"自民 佐々木紀 139808<br>共産 坂本浩 27476","自","石川2区"
"石川","17","17-03","与党","district","自民","西田昭二",56,"自民 西田昭二 73034<br>中道 近藤和也 64893<br>共産 南章治 2850","自","石川3区"
"福井","18","18-01","与党","district","自民","稲田朋美",66,"自民 稲田朋美 93292<br>中道 波多野翼 38929<br>国民 山中俊祐 34541<br>参政 藤本一希 27189","自","福井1区"
"福井","18","18-02","その他","district","無所","斉木武志",51,"無所 斉木武志 78737<br>中道 辻英之 52607","無","福井2区"
"山梨","19","19-01","与党","district","自民","中谷真一",49,"自民 中谷真一 128168<br>中道 中島克仁 87812<br>参政 鈴木大介 18908<br>共産 田中星那 9959","自","山梨1区"
"山梨","19","19-02","与党","district","自民","堀内詔子",60,"自民 堀内詔子 108477<br>共産 早田記史 24590","自","山梨2区"
"長野","20","20-01","与党","district","自民","若林健太",62,"自民 若林健太 119101<br>中道 篠原孝 86458<br>維新 若狭清史 29366","自","長野1区"
"長野","20","20-02","与党","district","自民","藤田ひかる",35,"自民 藤田ひかる 104107<br>中道 下条みつ 75809<br>維新 手塚大輔 24414<br>参政 竹下博善 18383","自","長野2区"
"長野","20","20-03","与党","district","自民","井出庸生",48,"自民 井出庸生 111844<br>中道 神津健 81922<br>参政 仁科裕貴 26407<br>れいわ 山口孝司 11296","自","長野3区"
"長野","20","20-04","与党","district","自民","後藤茂之",70,"自民 後藤茂之 77135<br>国民 花岡明久 34122<br>共産 武田良介 22747","自","長野4区"
"長野","20","20-05","与党","district","自民","宮下一郎",67,"自民 宮下一郎 98866<br>中道 福田淳太 66593","自","長野5区"
"岐阜","21","21-01","与党","district","自民","野田聖子",65,"自民 野田聖子 90249<br>中道 服部学 36657<br>参政 成井まゆ子 26146<br>共産 波多野純子 8658","自","岐阜1区"
"岐阜","21","21-02","与党","district","自民","棚橋泰文",62,"自民 棚橋泰文 87826<br>国民 野村美穂 44679<br>参政 塚原雅也 14203<br>無所 唐沢理恵 7663<br>無所 伊藤あゆみ 6582","自","岐阜2区"
"岐阜","21","21-03","与党","district","自民","武藤容治",70,"自民 武藤容治 118346<br>国民 仙田晃宏 51021<br>れいわ 阪口直人 28872<br>参政 伊藤恵介 23204","自","岐阜3区"
"岐阜","21","21-04","与党","district","自民","加藤大博",46,"自民 加藤大博 103054<br>中道 今井雅人 79476<br>参政 曽我雄介 20886","自","岐阜4区"
"岐阜","21","21-05","与党","district","自民","古屋圭司",73,"自民 古屋圭司 83214<br>中道 真野哲 37630<br>国民 吉田企貴 27577<br>維新 山田良司 11268","自","岐阜5区"
"静岡","22","22-01","与党","district","自民","上川陽子",72,"自民 上川陽子 127488<br>国民 柴田将平 61490<br>共産 鈴木節子 19516","自","静岡1区"
"静岡","22","22-02","与党","district","自民","井林辰憲",49,"自民 井林辰憲 152012<br>中道 鈴木岳幸 61915","自","静岡2区"
"静岡","22","22-03","与党","district","自民","山本裕三",43,"自民 山本裕三 117738<br>中道 小山展弘 76509<br>参政 中橋辰也 25070<br>共産 竹村真弓 8196","自","静岡3区"
"静岡","22","22-04","与党","district","自民","深沢陽一",49,"自民 深沢陽一 87880<br>国民 田中健 61791<br>参政 高田晃宏 11655<br>れいわ 鈴木智 8494","自","静岡4区"
"静岡","22","22-05","与党","district","自民","細野豪志",54,"自民 細野豪志 168511<br>中道 中村正善 43417<br>共産 下山一美 13367","自","静岡5区"
"静岡","22","22-06","与党","district","自民","勝俣孝明",49,"自民 勝俣孝明 125829<br>中道 渡辺周 84726<br>参政 輦止保教 19972","自","静岡6区"
"静岡","22","22-07","与党","district","自民","城内実",60,"自民 城内実 129336<br>国民 北野谷富子 45489<br>参政 袴田サヤカ 16319","自","静岡7区"
"静岡","22","22-08","与党","district","自民","稲葉大輔",51,"自民 稲葉大輔 114256<br>中道 源馬謙太郎 82357<br>参政 神田綾乃 23397<br>共産 村田優哉 8617","自","静岡8区"
"愛知","23","23-01","野党","district","減ゆ","河村たかし",77,"減ゆ 河村たかし 94339<br>自民 熊田裕通 72144<br>中道 吉田統彦 40038<br>参政 近田茜 15283","減","愛知1区"
"愛知","23","23-02","野党","district","国民","古川元久",60,"国民 古川元久 110540<br>自民 辻秀樹 74845<br>減ゆ 梅村忠司 24158<br>共産 酒井健太朗 15550","国","愛知2区"
"愛知","23","23-03","与党","district","自民","水野良彦",52,"自民 水野良彦 98388<br>中道 近藤昭一 70464<br>減ゆ 平岩征樹 37335<br>維新 皆川雅一 23561<br>共産 柴田民雄 11262","自","愛知3区"
"愛知","23","23-04","与党","district","自民","工藤彰三",61,"自民 工藤彰三 79204<br>中道 牧義夫 50572<br>参政 魚住佳奈 17699<br>減ゆ 志村康博 17400<br>維新 中田千代 14831<br>共産 高橋祐介 10286","自","愛知4区"
"愛知","23","23-05","与党","district","自民","岡本康宏",43,"自民 岡本康宏 73643<br>中道 西川厚志 44288<br>減ゆ 田中克和 25815<br>参政 渡辺藍理 18970<br>共産 江上博之 7487<br>無所 神田憲次 6487","自","愛知5区"
"愛知","23","23-06","与党","district","自民","丹羽秀樹",53,"自民 丹羽秀樹 109044<br>中道 国崎信江 39828<br>参政 春日舞 28651<br>減ゆ 橋本勉 13179<br>社民 大西雅人 10996","自","愛知6区"
"愛知","23","23-07","野党","district","国民","日野紗里亜",38,"国民 日野紗里亜 108322<br>自民 鈴木淳司 94973<br>共産 鈴木弘一 14373","国","愛知7区"
"愛知","23","23-08","与党","district","自民","伊藤忠彦",61,"自民 伊藤忠彦 131050<br>中道 伴野豊 84571<br>保守 中川健一 32396","自","愛知8区"
"愛知","23","23-09","与党","district","自民","長坂康正",68,"自民 長坂康正 93351<br>中道 岡本充功 58084<br>維新 浦上奈々 24489<br>参政 加藤泰稚 22098<br>共産 伊藤恵子 8930","自","愛知9区"
"愛知","23","23-10","与党","district","自民","若山慎司",52,"自民 若山慎司 80646<br>中道 藤原規真 43496<br>維新 杉本和巳 28434<br>国民 三嶋竜平 21072<br>参政 山内遼平 17891","自","愛知10区"
"愛知","23","23-11","野党","district","国民","丹野みどり",52,"国民 丹野みどり 145739<br>自民 藤沢忠盛 98411","国","愛知11区"
"愛知","23","23-12","与党","district","自民","青山周平",48,"自民 青山周平 128453<br>中道 重徳和彦 107130<br>参政 中川博登 37684","自","愛知12区"
"愛知","23","23-13","与党","district","自民","石井拓",60,"自民 石井拓 151944<br>中道 大西健介 94399<br>共産 牛田清博 12910","自","愛知13区"
"愛知","23","23-14","与党","district","自民","今枝宗一郎",41,"自民 今枝宗一郎 119376<br>中道 大嶽理恵 49753<br>共産 浅尾大輔 7904","自","愛知14区"
"愛知","23","23-15","与党","district","自民","根本幸典",60,"自民 根本幸典 88028<br>中道 小山千帆 36614<br>維新 関健一郎 35736<br>参政 鈴木勝裕 19022<br>減ゆ 竹上裕子 12892<br>れいわ 辻恵 9835","自","愛知15区"
"愛知","23","23-16","与党","district","自民","山下史守朗",50,"自民 山下史守朗 91375<br>国民 福田徹 60084<br>中道 松田功 43393<br>参政 渡辺信江 17419<br>減ゆ 前田雄吉 10984","自","愛知16区"
"三重","24","24-01","与党","district","自民","田村憲久",61,"自民 田村憲久 124762<br>中道 福森和歌子 53020<br>共産 出口洋介 10465","自","三重1区"
"三重","24","24-02","与党","district","自民","川崎秀人",44,"自民 川崎秀人 117495<br>中道 下野幸助 78118<br>参政 水谷幸泰 28267","自","三重2区"
"三重","24","24-03","与党","district","自民","石原正敬",54,"自民 石原正敬 99392<br>中道 岡田克也 90701<br>参政 新谷恵 22702<br>保守 伊藤昌志 16907<br>共産 衣笠民子 6345","自","三重3区"
"三重","24","24-04","与党","district","自民","鈴木英敬",51,"自民 鈴木英敬 106718<br>国民 藤田大助 43016<br>共産 中川民英 10846","自","三重4区"
"滋賀","25","25-01","与党","district","自民","大岡敏孝",53,"自民 大岡敏孝 76367<br>維新 斎藤アレックス 47217<br>国民 河井昭成 38911<br>共産 黄野瀬明子 19198","自","滋賀1区"
"滋賀","25","25-02","与党","district","自民","上野賢一郎",60,"自民 上野賢一郎 141853<br>中道 平尾道雄 47132<br>維新 岡屋京佑 46898","自","滋賀2区"
"滋賀","25","25-03","与党","district","自民","武村展英",54,"自民 武村展英 108917<br>維新 出路真吾 36984<br>参政 北野裕子 30202<br>中道 早智敬 29595<br>共産 伊吹裕 10243<br>れいわ 安持成美 7989","自","滋賀3区"
"京都","26","26-01","与党","district","自民","勝目康",51,"自民 勝目康 78098<br>中道 平竹耕三 28899<br>維新 佐々木隆吏 26147<br>共産 鎌野敏徳 21382<br>みらい 堀場幸子 17208<br>国民 桂隆俊 13644<br>諸派 浜田聡 12885<br>参政 谷口青人 12881","自","京都1区"
"京都","26","26-02","与党","district","維新","前原誠司",63,"維新 前原誠司 49415<br>自民 藤田洋司 36891<br>共産 堀川朗子 18847<br>中道 河野有里子 18185<br>みらい 酒井勇輔 11178<br>れいわ 辻村千尋 4016","維","京都2区"
"京都","26","26-03","野党","district","中道","泉健太",51,"中道 泉健太 68533<br>自民 繁本護 62406<br>維新 木村元紀 27484<br>共産 西山頌秀 15670<br>参政 樋口智 12951","中","京都3区"
"京都","26","26-04","与党","district","自民","北神圭朗",59,"自民 北神圭朗 142149<br>共産 吉田幸一 50690","自","京都4区"
"京都","26","26-05","与党","district","自民","本田太郎",52,"自民 本田太郎 84865<br>共産 山内健 25363","自","京都5区"
"京都","26","26-06","与党","district","自民","園崎弘道",45,"自民 園崎弘道 124175<br>中道 山井和則 91922<br>参政 大奈 24530<br>共産 上條亮一 18782","自","京都6区"
"大阪","27","27-01","与党","district","維新","井上英孝",54,"維新 井上英孝 93383<br>自民 大西宏幸 64483<br>参政 中村由紀 27950<br>国民 塩野智郎 27902<br>共産 竹内祥倫 18444","維","大阪1区"
"大阪","27","27-02","与党","district","維新","高見亮",47,"維新 高見亮 115244<br>無所 守島正 40672<br>参政 石橋篤史 36999<br>共産 小川陽太 28925","維","大阪2区"
"大阪","27","27-03","与党","district","維新","東徹",59,"維新 東徹 75462<br>自民 柳本顕 45715<br>中道 宇都宮優子 30714<br>参政 山室貴史 18345<br>共産 渡部結 16758","維","大阪3区"
"大阪","27","27-04","与党","district","維新","美延映夫",64,"維新 美延映夫 87309<br>自民 中山泰秀 71040<br>国民 岡本忠志 28240<br>参政 藤田美季 24019<br>共産 山田みのり 19832<br>諸派 橋口和矢 4299","維","大阪4区"
"大阪","27","27-05","与党","district","維新","梅村聡",50,"維新 梅村聡 93472<br>自民 杉田水脈 48051<br>国民 前田英倫 24018<br>れいわ 大石晃子 19867<br>参政 松山恵子 18421<br>共産 湊隆介 15854","維","大阪5区"
"大阪","27","27-06","与党","district","維新","西田薫",58,"維新 西田薫 87431<br>自民 永井正史 42619<br>中道 阪本洋三 37890<br>参政 月足舞子 24635<br>共産 亀井淳 12899","維","大阪6区"
"大阪","27","27-07","与党","district","維新","奥下剛光",50,"維新 奥下剛光 88242<br>自民 渡嘉敷奈緒美 78582<br>参政 石川勝 30439<br>共産 川添健真 28167","維","大阪7区"
"大阪","27","27-08","与党","district","維新","漆間譲司",51,"維新 漆間譲司 93189<br>自民 高麗啓一郎 77688<br>国民 佐藤潤 29080<br>共産 平川節代 22319<br>参政 榊原美礼 19206","維","大阪8区"
"大阪","27","27-09","与党","district","維新","萩原佳",48,"維新 萩原佳 102204<br>自民 東田淳平 79259<br>社民 西尾慧吾 30493","維","大阪9区"
"大阪","27","27-10","与党","district","維新","池下卓",50,"維新 池下卓 86557<br>中道 尾辻かな子 50324<br>自民 加納陽之助 38442<br>参政 井上誠也 16751","維","大阪10区"
"大阪","27","27-11","与党","district","維新","中司宏",69,"維新 中司宏 113436<br>自民 松本直高 41809<br>中道 村上賀厚 38540<br>参政 山岡智美 21753<br>共産 北尾学 14310","維","大阪11区"
"大阪","27","27-12","与党","district","維新","藤田文武",45,"維新 藤田文武 88775<br>自民 北川晋平 38167<br>中道 樽床伸二 37976<br>共産 太田徹 12082","維","大阪12区"
"大阪","27","27-13","与党","district","維新","岩谷良平",45,"維新 岩谷良平 77433<br>自民 宗清皇一 65193<br>中道 本多平直 26573<br>参政 立岡昭是 14949<br>共産 宝井晃美 10197<br>れいわ 八幡愛 10097","維","大阪13区"
"大阪","27","27-14","与党","district","維新","青柳仁士",47,"維新 青柳仁士 121049<br>自民 尾立源幸 58573<br>共産 内藤耕一 29935","維","大阪14区"
"大阪","27","27-15","与党","district","維新","浦野靖人",52,"維新 浦野靖人 92248<br>自民 島田智明 73378<br>共産 平山貴士 26929","維","大阪15区"
"大阪","27","27-16","与党","district","維新","黒田征樹",46,"維新 黒田征樹 73063<br>中道 森山浩行 47844<br>自民 葉田治央 36006<br>参政 池上和日子 20249","維","大阪16区"
"大阪","27","27-17","与党","district","維新","馬場伸幸",61,"維新 馬場伸幸 78362<br>自民 信貴麻美 42715<br>参政 東本和美 20464<br>共産 井上光吉 18380","維","大阪17区"
"大阪","27","27-18","与党","district","維新","遠藤敬",57,"維新 遠藤敬 121948<br>自民 内田隆嗣 58889<br>共産 馬場英樹 27906","維","大阪18区"
"大阪","27","27-19","与党","district","自民","谷川とむ",49,"自民 谷川とむ 58410<br>維新 伊東信久 57697<br>中道 小羽根正代 20031<br>参政 松岡能礼 13399<br>共産 北村みき 8703","自","大阪19区"
"兵庫","28","28-01","与党","district","自民","盛山正仁",72,"自民 盛山正仁 73219<br>中道 井坂信彦 69111<br>維新 一谷勇一郎 44364<br>参政 原弥彦 20877<br>共産 藤末浩美 11283","自","兵庫1区"
"兵庫","28","28-02","与党","district","維新","阿部圭史",39,"維新 阿部圭史 82982<br>中道 舩川治郎 46308<br>無所 坊恭寿 41929<br>共産 井村弘子 13141","維","兵庫2区"
"兵庫","28","28-03","与党","district","自民","関芳弘",60,"自民 関芳弘 74806<br>維新 和田有一朗 34272<br>国民 向山好一 34177<br>共産 加藤健二 16262","自","兵庫3区"
"兵庫","28","28-04","与党","district","自民","藤井比早之",54,"自民 藤井比早之 147544<br>中道 中山高志 49187<br>共産 日比優子 16081","自","兵庫4区"
"兵庫","28","28-05","与党","district","自民","谷公一",74,"自民 谷公一 93501<br>維新 遠藤良太 54784<br>中道 川戸康嗣 38936<br>諸派 高橋秀彰 12530<br>共産 村岡峰男 10090","自","兵庫5区"
"兵庫","28","28-06","与党","district","自民","大串正樹",60,"自民 大串正樹 91440<br>維新 市村浩一郎 63444<br>中道 桜井周 58565<br>参政 谷浩一郎 26935<br>共産 吉見秋彦 10809","自","兵庫6区"
"兵庫","28","28-07","与党","district","自民","山田賢司",59,"自民 山田賢司 112151<br>維新 三木圭恵 71220<br>中道 岡田悟 46563<br>参政 酒井遼 20779<br>共産 平野貞雄 13830","自","兵庫7区"
"兵庫","28","28-08","与党","district","自民","青山繁晴",73,"自民 青山繁晴 85970<br>維新 徳安淳子 48094<br>中道 弘川欣絵 42989<br>共産 板東正恵 11252<br>れいわ 長谷川羽衣子 10210","自","兵庫8区"
"兵庫","28","28-09","与党","district","自民","西村康稔",63,"自民 西村康稔 116526<br>中道 橋本慧悟 54607<br>参政 山寺崇仁 21087<br>共産 伊藤和貴 7787","自","兵庫9区"
"兵庫","28","28-10","与党","district","自民","渡海紀三朗",77,"自民 渡海紀三朗 75309<br>維新 掘井健智 37907<br>中道 隠樹圭子 37777<br>参政 藤原誠也 25244<br>共産 奥田芙美代 7240","自","兵庫10区"
"兵庫","28","28-11","与党","district","自民","山田基靖",43,"自民 山田基靖 86090<br>維新 住吉寛紀 55757<br>国民 中原立貴 23900<br>参政 山下聖 18437<br>共産 苦瓜一成 13712","自","兵庫11区"
"兵庫","28","28-12","与党","district","自民","山口壮",71,"自民 山口壮 78957<br>維新 池畑浩太朗 53882<br>共産 太田清幸 15935","自","兵庫12区"
"奈良","29","29-01","与党","district","自民","小林茂樹",61,"自民 小林茂樹 131313<br>中道 馬淵澄夫 64325<br>国民 杉本葵 29976<br>参政 黒川洋司 11181<br>共産 谷川和広 9541","自","奈良1区"
"奈良","29","29-02","与党","district","自民","高市早苗",64,"自民 高市早苗 193708<br>共産 池田英子 28921","自","奈良2区"
"奈良","29","29-03","与党","district","自民","田野瀬太道",51,"自民 田野瀬太道 120018<br>維新 原山大亮 37067<br>共産 太田敦 22018<br>無所 八木宏昌 11868","自","奈良3区"
"和歌山","30","30-01","与党","district","自民","山本大地",34,"自民 山本大地 95836<br>国民 林佑美 31352<br>中道 要友紀子 30208<br>参政 林元政子 20292<br>維新 浦平美博 19067<br>共産 前久 9677<br>諸派 正司武 795","自","和歌山1区"
"和歌山","30","30-02","その他","district","無所","世耕弘成",63,"無所 世耕弘成 162257<br>共産 畑野良弘 35209","無","和歌山2区"
"鳥取","31","31-01","与党","district","自民","石破茂",69,"自民 石破茂 66146<br>国民 谷川裕美 13364<br>参政 豊哲也 11734<br>共産 塚田成幸 6768","自","鳥取1区"
"鳥取","31","31-02","与党","district","自民","赤沢亮正",65,"自民 赤沢亮正 67736<br>中道 湯原俊二 36132<br>共産 福住英行 4862","自","鳥取2区"
"島根","32","32-01","与党","district","自民","高階恵美子",62,"自民 高階恵美子 67438<br>中道 亀井亜紀子 49867<br>参政 伊藤礼司 10041<br>共産 村穂江利子 4978","自","島根1区"
"島根","32","32-02","与党","district","自民","高見康裕",45,"自民 高見康裕 98015<br>中道 大塚聡子 35062<br>参政 倉井克幸 16290<br>共産 亀谷優子 9999","自","島根2区"
"岡山","33","33-01","与党","district","自民","逢沢一郎",71,"自民 逢沢一郎 81844<br>中道 原田謙介 43835<br>国民 原紘志 19083<br>参政 山本安音 19002<br>共産 住寄聡美 6252","自","岡山1区"
"岡山","33","33-02","与党","district","自民","山下貴司",60,"自民 山下貴司 117527<br>中道 津村啓介 66289<br>参政 徳永多真美 22193<br>共産 余江雪央 7776","自","岡山2区"
"岡山","33","33-03","与党","district","自民","加藤勝信",70,"自民 加藤勝信 165807<br>共産 原田亜希子 38533","自","岡山3区"
"岡山","33","33-04","与党","district","自民","橋本岳",52,"自民 橋本岳 104826<br>中道 柚木道義 65960<br>国民 三宅沙侑美 28765<br>共産 垣内雄一 6372","自","岡山4区"
"広島","34","34-01","与党","district","自民","岸田文雄",68,"自民 岸田文雄 102700<br>中道 川田海栄 35142<br>参政 山田肇 32835<br>れいわ 楾大樹 8809<br>共産 中原剛 8113<br>無所 産原稔文 3172<br>無所 黒木貞彦 1821","自","広島1区"
"広島","34","34-02","与党","district","自民","平口洋",77,"自民 平口洋 94750<br>国民 福田玄 53893<br>参政 佐藤由紀子 20123<br>共産 岡田博美 14510","自","広島2区"
"広島","34","34-03","与党","district","自民","石橋林太郎",47,"自民 石橋林太郎 100352<br>中道 東克哉 57975<br>参政 田中淳子 25253<br>共産 高松史子 8147<br>無所 玉田憲勲 3656","自","広島3区"
"広島","34","34-04","与党","district","自民","新谷正義",50,"自民 新谷正義 89563<br>国民 鍋島勢理 61335<br>維新 空本誠喜 39599","自","広島4区"
"広島","34","34-05","与党","district","自民","山本深",40,"自民 山本深 78649<br>中道 佐藤公治 67715<br>共産 猪原真弓 8726","自","広島5区"
"広島","34","34-06","与党","district","自民","小林史明",42,"自民 小林史明 119827<br>中道 はたともこ 49469<br>共産 高木武志 9505","自","広島6区"
"山口","35","35-01","与党","district","自民","高村正大",55,"自民 高村正大 124364<br>国民 野田陽志 39108<br>参政 山崎珠江 32352","自","山口1区"
"山口","35","35-02","与党","district","自民","岸信千世",34,"自民 岸信千世 132409<br>中道 平岡秀夫 80741","自","山口2区"
"山口","35","35-03","与党","district","自民","林芳正",65,"自民 林芳正 113502<br>参政 島村薫 23266<br>中道 篠田知宏 22915<br>維新 伊藤博文 14697<br>共産 吹上政子 7149","自","山口3区"
"徳島","36","36-01","与党","district","自民","仁木博文",59,"自民 仁木博文 107440<br>中道 高橋永 46960<br>維新 吉田知代 16040<br>参政 亀井千春 14154","自","徳島1区"
"徳島","36","36-02","与党","district","自民","山口俊一",75,"自民 山口俊一 64980<br>国民 飯泉嘉門 36629<br>無所 北島一人 25705<br>共産 浜共生 6504","自","徳島2区"
"香川","37","37-01","野党","district","中道","小川淳也",54,"中道 小川淳也 73237<br>自民 平井卓也 72408<br>参政 道川和樹 19364<br>共産 長尾真希 5133","中","香川1区"
"香川","37","37-02","野党","district","国民","玉木雄一郎",56,"国民 玉木雄一郎 82752<br>自民 瀬戸隆一 46747<br>参政 秋山友理子 8605","国","香川2区"
"香川","37","37-03","与党","district","自民","大野敬太郎",57,"自民 大野敬太郎 71529<br>国民 川崎智光 36043<br>維新 細川修平 13440","自","香川3区"
"愛媛","38","38-01","与党","district","自民","塩崎彰久",49,"自民 塩崎彰久 127770<br>国民 石井智恵 46245<br>参政 篠藤愛 23828<br>共産 和田宰 13718","自","愛媛1区"
"愛媛","38","38-02","与党","district","自民","井原巧",62,"自民 井原巧 100438<br>中道 白石洋一 84853<br>参政 原田慎太郎 25895","自","愛媛2区"
"愛媛","38","38-03","与党","district","自民","長谷川淳二",57,"自民 長谷川淳二 119930<br>中道 萩原旭人 39094<br>共産 西井直人 9462","自","愛媛3区"
"高知","39","39-01","与党","district","自民","中谷元",68,"自民 中谷元 92043<br>中道 田所裕介 38860<br>参政 金城幹泰 23119","自","高知1区"
"高知","39","39-02","与党","district","自民","尾崎正直",58,"自民 尾崎正直 102523<br>共産 浜川百合子 24115<br>国民 前田強 20942","自","高知2区"
"福岡","40","40-01","与党","district","自民","井上貴博",63,"自民 井上貴博 106865<br>中道 丸尾圭祐 46236<br>参政 吉富景子 32095<br>維新 山本剛正 26630<br>共産 岩本義孝 9547","自","福岡1区"
"福岡","40","40-02","与党","district","自民","鬼木誠",53,"自民 鬼木誠 136442<br>中道 稲富修二 76285<br>参政 木下敏之 33027<br>共産 貫洞基裕 8672","自","福岡2区"
"福岡","40","40-03","与党","district","自民","古賀篤",53,"自民 古賀篤 132247<br>中道 仁戸田元気 59775<br>維新 天野浩 39753<br>共産 原賀瞳 13417","自","福岡3区"
"福岡","40","40-04","与党","district","自民","宮内秀樹",63,"自民 宮内秀樹 110544<br>国民 許斐亮太郎 63519<br>参政 原田祐一 32082","自","福岡4区"
"福岡","40","40-05","与党","district","自民","栗原渉",60,"自民 栗原渉 144014<br>国民 川元健一 52555<br>参政 岡部吉高 32296<br>社民 那須敬子 21783","自","福岡5区"
"福岡","40","40-06","与党","district","自民","鳩山二郎",47,"自民 鳩山二郎 111832<br>国民 近藤雅彦 55538<br>共産 河野一弘 13619","自","福岡6区"
"福岡","40","40-07","与党","district","自民","藤丸敏",66,"自民 藤丸敏 95132<br>中道 亀田晃尚 46592","自","福岡7区"
"福岡","40","40-08","与党","district","自民","麻生太郎",85,"自民 麻生太郎 111727<br>れいわ 沖園理恵 27965<br>無所 森田俊文 25752","自","福岡8区"
"福岡","40","40-09","その他","district","無所","緒方林太郎",53,"無所 緒方林太郎 100800<br>自民 三原朝利 67073<br>国民 大塚弘尊 16326<br>共産 山田博敏 9900","無","福岡9区"
"福岡","40","40-10","与党","district","自民","吉村悠",40,"自民 吉村悠 86338<br>中道 城井崇 65458<br>無所 大石仁人 29370<br>参政 熊本要 14315<br>共産 古賀邦俊 7654","自","福岡10区"
"福岡","40","40-11","与党","district","自民","武田良太",57,"自民 武田良太 62419<br>維新 村上智信 43002<br>中道 辻智之 19011<br>参政 井上直生 10070<br>社民 志岐玲子 5187","自","福岡11区"
"佐賀","41","41-01","与党","district","自民","岩田和親",52,"自民 岩田和親 84220<br>減ゆ 原口一博 83028<br>参政 重松貴美 17229","自","佐賀1区"
"佐賀","41","41-02","与党","district","自民","古川康",67,"自民 古川康 106320<br>中道 大串博志 85185","自","佐賀2区"
"長崎","42","42-01","野党","district","国民","西岡秀子",61,"国民 西岡秀子 93931<br>自民 浅田真澄美 52794<br>維新 山田博司 13363<br>参政 松石宗平 10426<br>共産 内田隆英 8559","国","長崎1区"
"長崎","42","42-02","与党","district","自民","加藤竜祥",45,"自民 加藤竜祥 126751<br>中道 山田勝彦 72951<br>参政 高木聡子 25481","自","長崎2区"
"長崎","42","42-03","与党","district","自民","金子容三",43,"自民 金子容三 133373<br>中道 田崎耕太 51570","自","長崎3区"
"熊本","43","43-01","与党","district","自民","木原稔",56,"自民 木原稔 144036<br>中道 鎌田聡 55802<br>参政 山口誠太郎 28055","自","熊本1区"
"熊本","43","43-02","与党","district","自民","西野太亮",47,"自民 西野太亮 115583<br>参政 前田智徳 31019<br>共産 益田牧子 15165","自","熊本2区"
"熊本","43","43-03","与党","district","自民","坂本哲志",75,"自民 坂本哲志 116925<br>参政 霍田和佳 32850<br>社民 橋村りか 25888","自","熊本3区"
"熊本","43","43-04","与党","district","自民","金子恭之",64,"自民 金子恭之 141699<br>維新 矢上雅義 22742<br>参政 植田貴俊 17995<br>国民 上田至 16403<br>共産 本村久美子 15102","自","熊本4区"
"大分","44","44-01","与党","district","自民","衛藤博昭",46,"自民 衛藤博昭 95484<br>無所 吉良州司 71151<br>参政 野中しんすけ 20432<br>国民 堤淳太 15687<br>共産 山下魁 9158","自","大分1区"
"大分","44","44-02","与党","district","自民","広瀬建",52,"自民 広瀬建 89082<br>中道 吉川元 55817","自","大分2区"
"大分","44","44-03","与党","district","自民","岩屋毅",68,"自民 岩屋毅 57996<br>中道 小林華弥子 50681<br>無所 平野雨龍 24260<br>保守 岩永京子 18768<br>参政 野中貴恵 15955","自","大分3区"
"宮崎","45","45-01","野党","district","中道","渡辺創",48,"中道 渡辺創 72280<br>自民 武井俊輔 58167<br>維新 横田朋大 28831<br>参政 滋井邦晃 20153","中","宮崎1区"
"宮崎","45","45-02","野党","district","国民","長友慎治",48,"国民 長友慎治 73994<br>自民 江藤拓 65630<br>共産 白江好友 6325","国","宮崎2区"
"宮崎","45","45-03","与党","district","自民","古川禎久",60,"自民 古川禎久 94868<br>参政 高瀬大介 28148","自","宮崎3区"
"鹿児島","46","46-01","与党","district","自民","宮路拓馬",46,"自民 宮路拓馬 92321<br>中道 川内博史 57262<br>参政 牧野俊一 27071<br>共産 小山慎之介 4228","自","鹿児島1区"
"鹿児島","46","46-02","与党","district","自民","三反園訓",67,"自民 三反園訓 115396<br>参政 高橋徳美 35570<br>共産 松崎真琴 17543","自","鹿児島2区"
"鹿児島","46","46-03","野党","district","中道","野間健",67,"中道 野間健 88518<br>自民 小里泰弘 85782","中","鹿児島3区"
"鹿児島","46","46-04","与党","district","自民","森山裕",80,"自民 森山裕 102727<br>国民 中村寿 24076<br>参政 桐原郁生 22211<br>社民 伊藤周平 15329","自","鹿児島4区"
"沖縄","47","47-01","与党","district","自民","国場幸之助",53,"自民 国場幸之助 58808<br>共産 赤嶺政賢 53231<br>参政 和田知久 13526<br>維新 山川泰博 11521<br>無所 中島万穂 2011","自","沖縄1区"
"沖縄","47","47-02","与党","district","自民","宮崎政久",60,"自民 宮崎政久 71071<br>中道 新垣邦男 57500<br>参政 吉田悠里 19333<br>社民 瑞慶覧長敏 14311<br>無所 比嘉隆 2140","自","沖縄2区"
"沖縄","47","47-03","与党","district","自民","島尻安伊子",60,"自民 島尻安伊子 87075<br>中道 屋良朝博 61714<br>参政 仲間暁子 19270","自","沖縄3区"
"沖縄","47","47-04","与党","district","自民","西銘恒三郎",71,"自民 西銘恒三郎 76580<br>中道 砥板芳行 37734<br>れいわ 山川仁 20091<br>国民 崎枝裕次 19230","自","沖縄4区"
